Date,Price
2017-03-02 09:30:00,24.0
2017-03-02 16:00:00,24.48
2017-03-03 09:30:00,26.389999
2017-03-03 16:00:00,27.09
2017-03-06 09:30:00,28.17
2017-03-06 16:00:00,23.77
2017-03-07 09:30:00,22.209999
2017-03-07 16:00:00,21.440001000000002
2017-03-08 09:30:00,22.030001000000002
2017-03-08 16:00:00,22.809998999999998
2017-03-09 09:30:00,23.17
2017-03-09 16:00:00,22.709999
2017-03-10 09:30:00,23.360001
2017-03-10 16:00:00,22.07
2017-03-13 09:30:00,22.049999
2017-03-13 16:00:00,21.09
2017-03-14 09:30:00,20.9
2017-03-14 16:00:00,20.58
2017-03-15 09:30:00,20.08
2017-03-15 16:00:00,20.77
2017-03-16 09:30:00,20.65
2017-03-16 16:00:00,19.889999
2017-03-17 09:30:00,19.799999
2017-03-17 16:00:00,19.540001
2017-03-20 09:30:00,19.940001000000002
2017-03-20 16:00:00,19.93
2017-03-21 09:30:00,20.040001
2017-03-21 16:00:00,20.379998999999998
2017-03-22 09:30:00,20.65
2017-03-22 16:00:00,21.82
2017-03-23 09:30:00,22.690001000000002
2017-03-23 16:00:00,23.129998999999998
2017-03-24 09:30:00,23.049999
2017-03-24 16:00:00,22.74
2017-03-27 09:30:00,23.09
2017-03-27 16:00:00,23.83
2017-03-28 09:30:00,23.309998999999998
2017-03-28 16:00:00,22.209999
2017-03-29 09:30:00,21.77
2017-03-29 16:00:00,22.549999
2017-03-30 09:30:00,22.549999
2017-03-30 16:00:00,22.23
2017-03-31 09:30:00,22.049999
2017-03-31 16:00:00,22.530001000000002
2017-04-03 09:30:00,22.700001
2017-04-03 16:00:00,22.35
2017-04-04 09:30:00,22.209999
2017-04-04 16:00:00,22.139999
2017-04-05 09:30:00,22.15
2017-04-05 16:00:00,20.700001
2017-04-06 09:30:00,20.76
2017-04-06 16:00:00,20.57
2017-04-07 09:30:00,20.68
2017-04-07 16:00:00,20.82
2017-04-10 09:30:00,21.09
2017-04-10 16:00:00,20.969998999999998
2017-04-11 09:30:00,21.01
2017-04-11 16:00:00,20.700001
2017-04-12 09:30:00,20.700001
2017-04-12 16:00:00,20.219998999999998
2017-04-13 09:30:00,20.200001
2017-04-13 16:00:00,20.190001000000002
2017-04-17 09:30:00,20.09
2017-04-17 16:00:00,19.940001000000002
2017-04-18 09:30:00,19.83
2017-04-18 16:00:00,20.549999
2017-04-19 09:30:00,20.5
2017-04-19 16:00:00,20.620001000000002
2017-04-20 09:30:00,20.629998999999998
2017-04-20 16:00:00,21.15
2017-04-21 09:30:00,21.370001000000002
2017-04-21 16:00:00,20.93
2017-04-24 09:30:00,21.200001
2017-04-24 16:00:00,21.200001
2017-04-25 09:30:00,21.08
2017-04-25 16:00:00,21.34
2017-04-26 09:30:00,21.25
2017-04-26 16:00:00,21.58
2017-04-27 09:30:00,21.58
2017-04-27 16:00:00,22.01
2017-04-28 09:30:00,22.049999
2017-04-28 16:00:00,22.549999
2017-05-01 09:30:00,22.66
2017-05-01 16:00:00,22.209999
2017-05-02 09:30:00,22.370001000000002
2017-05-02 16:00:00,21.99
2017-05-03 09:30:00,21.799999
2017-05-03 16:00:00,21.82
2017-05-04 09:30:00,22.18
2017-05-04 16:00:00,22.59
2017-05-05 09:30:00,23.08
2017-05-05 16:00:00,23.190001000000002
2017-05-08 09:30:00,23.17
2017-05-08 16:00:00,22.459999
2017-05-09 09:30:00,22.700001
2017-05-09 16:00:00,23.32
2017-05-10 09:30:00,23.110001
2017-05-10 16:00:00,22.98
2017-05-11 09:30:00,17.959999
2017-05-11 16:00:00,18.049999
2017-05-12 09:30:00,18.440001000000002
2017-05-12 16:00:00,19.139999
2017-05-15 09:30:00,19.57
2017-05-15 16:00:00,20.74
2017-05-16 09:30:00,20.540001
2017-05-16 16:00:00,20.780001000000002
2017-05-17 09:30:00,20.559998999999998
2017-05-17 16:00:00,19.9
2017-05-18 09:30:00,19.860001
2017-05-18 16:00:00,20.27
2017-05-19 09:30:00,20.42
2017-05-19 16:00:00,20.0
2017-05-22 09:30:00,20.139999
2017-05-22 16:00:00,20.08
2017-05-23 09:30:00,20.139999
2017-05-23 16:00:00,20.030001000000002
2017-05-24 09:30:00,20.200001
2017-05-24 16:00:00,20.530001000000002
2017-05-25 09:30:00,20.16
2017-05-25 16:00:00,21.93
2017-05-26 09:30:00,21.66
2017-05-26 16:00:00,21.219998999999998
2017-05-30 09:30:00,21.299999
2017-05-30 16:00:00,21.450001
2017-05-31 09:30:00,21.5
2017-05-31 16:00:00,21.209999
2017-06-01 09:30:00,21.32
2017-06-01 16:00:00,21.34
2017-06-02 09:30:00,21.34
2017-06-02 16:00:00,21.09
2017-06-05 09:30:00,20.52
2017-06-05 16:00:00,20.209999
2017-06-06 09:30:00,20.219998999999998
2017-06-06 16:00:00,20.360001
2017-06-07 09:30:00,20.370001000000002
2017-06-07 16:00:00,19.559998999999998
2017-06-08 09:30:00,19.4
2017-06-08 16:00:00,18.85
2017-06-09 09:30:00,18.41
2017-06-09 16:00:00,18.08
2017-06-12 09:30:00,18.049999
2017-06-12 16:00:00,18.200001
2017-06-13 09:30:00,18.379998999999998
2017-06-13 16:00:00,18.1
2017-06-14 09:30:00,18.25
2017-06-14 16:00:00,17.879998999999998
2017-06-15 09:30:00,17.719998999999998
2017-06-15 16:00:00,17.0
2017-06-16 09:30:00,17.139999
2017-06-16 16:00:00,17.540001
2017-06-19 09:30:00,17.85
2017-06-19 16:00:00,17.879998999999998
2017-06-20 09:30:00,17.82
2017-06-20 16:00:00,17.309998999999998
2017-06-21 09:30:00,17.27
2017-06-21 16:00:00,17.27
2017-06-22 09:30:00,17.450001
2017-06-22 16:00:00,17.639999
2017-06-23 09:30:00,17.82
2017-06-23 16:00:00,17.540001
2017-06-26 09:30:00,17.700001
2017-06-26 16:00:00,17.290001
2017-06-27 09:30:00,17.209999
2017-06-27 16:00:00,17.34
2017-06-28 09:30:00,17.34
2017-06-28 16:00:00,17.76
2017-06-29 09:30:00,17.690001000000002
2017-06-29 16:00:00,17.889999
2017-06-30 09:30:00,18.030001000000002
2017-06-30 16:00:00,17.77
2017-07-03 09:30:00,17.91
2017-07-03 16:00:00,17.59
2017-07-05 09:30:00,17.57
2017-07-05 16:00:00,17.32
2017-07-06 09:30:00,17.25
2017-07-06 16:00:00,17.309998999999998
2017-07-07 09:30:00,17.33
2017-07-07 16:00:00,17.18
2017-07-10 09:30:00,17.16
2017-07-10 16:00:00,16.99
2017-07-11 09:30:00,16.33
2017-07-11 16:00:00,15.47
2017-07-12 09:30:00,15.54
2017-07-12 16:00:00,15.24
2017-07-13 09:30:00,15.78
2017-07-13 16:00:00,15.69
2017-07-14 09:30:00,15.44
2017-07-14 16:00:00,15.27
2017-07-17 09:30:00,15.3
2017-07-17 16:00:00,15.13
2017-07-18 09:30:00,15.17
2017-07-18 16:00:00,14.73
2017-07-19 09:30:00,14.86
2017-07-19 16:00:00,14.97
2017-07-20 09:30:00,15.05
2017-07-20 16:00:00,14.89
2017-07-21 09:30:00,14.8
2017-07-21 16:00:00,14.48
2017-07-24 09:30:00,14.45
2017-07-24 16:00:00,14.08
2017-07-25 09:30:00,14.06
2017-07-25 16:00:00,13.89
2017-07-26 09:30:00,13.74
2017-07-26 16:00:00,13.4
2017-07-27 09:30:00,13.15
2017-07-27 16:00:00,14.0
2017-07-28 09:30:00,13.9
2017-07-28 16:00:00,13.81
2017-07-31 09:30:00,13.42
2017-07-31 16:00:00,13.67
2017-08-01 09:30:00,13.77
2017-08-01 16:00:00,13.1
2017-08-02 09:30:00,13.22
2017-08-02 16:00:00,12.65
2017-08-03 09:30:00,12.65
2017-08-03 16:00:00,12.93
2017-08-04 09:30:00,13.17
2017-08-04 16:00:00,13.52
2017-08-07 09:30:00,13.86
2017-08-07 16:00:00,13.39
2017-08-08 09:30:00,13.28
2017-08-08 16:00:00,13.02
2017-08-09 09:30:00,12.96
2017-08-09 16:00:00,13.56
2017-08-10 09:30:00,13.58
2017-08-10 16:00:00,13.77
2017-08-11 09:30:00,12.0
2017-08-11 16:00:00,11.83
2017-08-14 09:30:00,11.49
2017-08-14 16:00:00,12.6
2017-08-15 09:30:00,13.05
2017-08-15 16:00:00,12.74
2017-08-16 09:30:00,12.5
2017-08-16 16:00:00,13.12
2017-08-17 09:30:00,12.95
2017-08-17 16:00:00,13.35
2017-08-18 09:30:00,13.3
2017-08-18 16:00:00,14.01
2017-08-21 09:30:00,14.27
2017-08-21 16:00:00,13.58
2017-08-22 09:30:00,13.85
2017-08-22 16:00:00,14.53
2017-08-23 09:30:00,14.55
2017-08-23 16:00:00,15.09
2017-08-24 09:30:00,15.24
2017-08-24 16:00:00,14.53
2017-08-25 09:30:00,14.62
2017-08-25 16:00:00,14.78
2017-08-28 09:30:00,14.8
2017-08-28 16:00:00,15.19
2017-08-29 09:30:00,15.05
2017-08-29 16:00:00,14.99
2017-08-30 09:30:00,14.92
2017-08-30 16:00:00,14.96
2017-08-31 09:30:00,14.98
2017-08-31 16:00:00,14.51
2017-09-01 09:30:00,14.5
2017-09-01 16:00:00,14.27
2017-09-05 09:30:00,14.28
2017-09-05 16:00:00,14.49
2017-09-06 09:30:00,14.42
2017-09-06 16:00:00,14.5
2017-09-07 09:30:00,14.43
2017-09-07 16:00:00,15.15
2017-09-08 09:30:00,15.17
2017-09-08 16:00:00,15.34
2017-09-11 09:30:00,15.25
2017-09-11 16:00:00,15.27
2017-09-12 09:30:00,15.25
2017-09-12 16:00:00,15.13
2017-09-13 09:30:00,15.2
2017-09-13 16:00:00,15.03
2017-09-14 09:30:00,14.95
2017-09-14 16:00:00,14.91
2017-09-15 09:30:00,14.99
2017-09-15 16:00:00,15.25
2017-09-18 09:30:00,15.32
2017-09-18 16:00:00,14.92
2017-09-19 09:30:00,14.9
2017-09-19 16:00:00,14.72
2017-09-20 09:30:00,14.68
2017-09-20 16:00:00,14.16
2017-09-21 09:30:00,13.99
2017-09-21 16:00:00,13.77
2017-09-22 09:30:00,13.72
2017-09-22 16:00:00,13.7
2017-09-25 09:30:00,13.5
2017-09-25 16:00:00,13.22
2017-09-26 09:30:00,13.33
2017-09-26 16:00:00,13.91
2017-09-27 09:30:00,14.0
2017-09-27 16:00:00,14.12
2017-09-28 09:30:00,14.2
2017-09-28 16:00:00,14.45
2017-09-29 09:30:00,14.43
2017-09-29 16:00:00,14.54
2017-10-02 09:30:00,14.6
2017-10-02 16:00:00,14.88
2017-10-03 09:30:00,14.87
2017-10-03 16:00:00,14.64
2017-10-04 09:30:00,14.84
2017-10-04 16:00:00,14.53
2017-10-05 09:30:00,14.3
2017-10-05 16:00:00,14.48
2017-10-06 09:30:00,14.38
2017-10-06 16:00:00,14.79
2017-10-09 09:30:00,14.81
2017-10-09 16:00:00,14.71
2017-10-10 09:30:00,14.71
2017-10-10 16:00:00,14.34
2017-10-11 09:30:00,14.64
2017-10-11 16:00:00,15.98
2017-10-12 09:30:00,16.07
2017-10-12 16:00:00,16.549999
2017-10-13 09:30:00,16.48
2017-10-13 16:00:00,16.5
2017-10-16 09:30:00,16.68
2017-10-16 16:00:00,16.07
2017-10-17 09:30:00,16.290001
2017-10-17 16:00:00,16.09
2017-10-18 09:30:00,16.299999
2017-10-18 16:00:00,15.75
2017-10-19 09:30:00,15.47
2017-10-19 16:00:00,15.25
2017-10-20 09:30:00,15.39
2017-10-20 16:00:00,15.56
2017-10-23 09:30:00,15.58
2017-10-23 16:00:00,14.97
2017-10-24 09:30:00,14.87
2017-10-24 16:00:00,14.59
2017-10-25 09:30:00,14.7
2017-10-25 16:00:00,14.16
2017-10-26 09:30:00,14.35
2017-10-26 16:00:00,14.39
2017-10-27 09:30:00,14.27
2017-10-27 16:00:00,15.44
2017-10-30 09:30:00,15.13
2017-10-30 16:00:00,15.68
2017-10-31 09:30:00,15.65
2017-10-31 16:00:00,15.34
2017-11-01 09:30:00,15.45
2017-11-01 16:00:00,14.51
2017-11-02 09:30:00,14.45
2017-11-02 16:00:00,14.55
2017-11-03 09:30:00,14.64
2017-11-03 16:00:00,15.27
2017-11-06 09:30:00,15.19
2017-11-06 16:00:00,14.83
2017-11-07 09:30:00,14.87
2017-11-07 16:00:00,15.12
2017-11-08 09:30:00,13.47
2017-11-08 16:00:00,12.91
2017-11-09 09:30:00,12.64
2017-11-09 16:00:00,12.38
2017-11-10 09:30:00,12.5
2017-11-10 16:00:00,12.76
2017-11-13 09:30:00,12.83
2017-11-13 16:00:00,12.4
2017-11-14 09:30:00,12.41
2017-11-14 16:00:00,12.57
2017-11-15 09:30:00,12.32
2017-11-15 16:00:00,12.46
2017-11-16 09:30:00,12.5
2017-11-16 16:00:00,12.56
2017-11-17 09:30:00,12.6
2017-11-17 16:00:00,12.99
2017-11-20 09:30:00,13.1
2017-11-20 16:00:00,12.41
2017-11-21 09:30:00,12.52
2017-11-21 16:00:00,12.34
2017-11-22 09:30:00,12.35
2017-11-22 16:00:00,12.62
2017-11-24 09:30:00,12.67
2017-11-24 16:00:00,12.97
2017-11-27 09:30:00,12.87
2017-11-27 16:00:00,13.06
2017-11-28 09:30:00,13.37
2017-11-28 16:00:00,13.61
2017-11-29 09:30:00,13.54
2017-11-29 16:00:00,13.7
2017-11-30 09:30:00,13.41
2017-11-30 16:00:00,13.78
2017-12-01 09:30:00,13.67
2017-12-01 16:00:00,13.87
2017-12-04 09:30:00,13.95
2017-12-04 16:00:00,13.57
2017-12-05 09:30:00,14.899
2017-12-05 16:00:00,14.94
2017-12-06 09:30:00,14.58
2017-12-06 16:00:00,14.6
2017-12-07 09:30:00,14.65
2017-12-07 16:00:00,14.7
2017-12-08 09:30:00,14.64
2017-12-08 16:00:00,15.07
2017-12-11 09:30:00,15.435
2017-12-11 16:00:00,16.219998999999998
2017-12-12 09:30:00,16.0
2017-12-12 16:00:00,15.93
2017-12-13 09:30:00,15.8
2017-12-13 16:00:00,15.96
2017-12-14 09:30:00,15.92
2017-12-14 16:00:00,16.040001
2017-12-15 09:30:00,16.0
2017-12-15 16:00:00,15.75
2017-12-18 09:30:00,15.95
2017-12-18 16:00:00,16.1
2017-12-19 09:30:00,15.91
2017-12-19 16:00:00,15.77
2017-12-20 09:30:00,15.69
2017-12-20 16:00:00,15.5
2017-12-21 09:30:00,15.33
2017-12-21 16:00:00,15.37
2017-12-22 09:30:00,15.05
2017-12-22 16:00:00,15.15
2017-12-26 09:30:00,15.02
2017-12-26 16:00:00,15.01
2017-12-27 09:30:00,14.83
2017-12-27 16:00:00,14.84
2017-12-28 09:30:00,14.82
2017-12-28 16:00:00,14.85
2017-12-29 09:30:00,14.84
2017-12-29 16:00:00,14.61
2018-01-02 09:30:00,14.69
2018-01-02 16:00:00,14.95
2018-01-03 09:30:00,15.0
2018-01-03 16:00:00,15.31
2018-01-04 09:30:00,14.76
2018-01-04 16:00:00,14.59
2018-01-05 09:30:00,14.51
2018-01-05 16:00:00,14.5
2018-01-08 09:30:00,14.21
2018-01-08 16:00:00,14.06
2018-01-09 09:30:00,14.15
2018-01-09 16:00:00,14.1
2018-01-10 09:30:00,14.07
2018-01-10 16:00:00,14.65
2018-01-11 09:30:00,14.58
2018-01-11 16:00:00,14.6
2018-01-12 09:30:00,14.17
2018-01-12 16:00:00,14.11
2018-01-16 09:30:00,14.11
2018-01-16 16:00:00,13.5
2018-01-17 09:30:00,13.61
2018-01-17 16:00:00,13.52
2018-01-18 09:30:00,13.66
2018-01-18 16:00:00,14.01
2018-01-19 09:30:00,14.01
2018-01-19 16:00:00,14.04
2018-01-22 09:30:00,13.92
2018-01-22 16:00:00,14.17
2018-01-23 09:30:00,14.19
2018-01-23 16:00:00,14.25
2018-01-24 09:30:00,14.31
2018-01-24 16:00:00,14.44
2018-01-25 09:30:00,14.28
2018-01-25 16:00:00,13.71
2018-01-26 09:30:00,13.75
2018-01-26 16:00:00,13.56
2018-01-29 09:30:00,13.54
2018-01-29 16:00:00,13.47
2018-01-30 09:30:00,13.3
2018-01-30 16:00:00,13.26
2018-01-31 09:30:00,13.31
2018-01-31 16:00:00,13.52
2018-02-01 09:30:00,13.43
2018-02-01 16:00:00,13.92
2018-02-02 09:30:00,13.59
2018-02-02 16:00:00,13.71
2018-02-05 09:30:00,13.35
2018-02-05 16:00:00,13.85
2018-02-06 09:30:00,13.5
2018-02-06 16:00:00,14.06
2018-02-07 09:30:00,17.15
2018-02-07 16:00:00,20.75
2018-02-08 09:30:00,20.74
2018-02-08 16:00:00,19.389999
2018-02-09 09:30:00,19.07
2018-02-09 16:00:00,18.799999
2018-02-12 09:30:00,18.84
2018-02-12 16:00:00,18.629998999999998
2018-02-13 09:30:00,18.389999
2018-02-13 16:00:00,18.58
2018-02-14 09:30:00,18.35
2018-02-14 16:00:00,19.559998999999998
2018-02-15 09:30:00,19.66
2018-02-15 16:00:00,19.75
2018-02-16 09:30:00,19.84
2018-02-16 16:00:00,20.42
2018-02-20 09:30:00,19.309998999999998
2018-02-20 16:00:00,18.93
2018-02-21 09:30:00,18.9
2018-02-21 16:00:00,18.639999
2018-02-22 09:30:00,18.48
2018-02-22 16:00:00,17.51
2018-02-23 09:30:00,17.6
2018-02-23 16:00:00,17.450001
2018-02-26 09:30:00,17.450001
2018-02-26 16:00:00,17.09
2018-02-27 09:30:00,17.059998999999998
2018-02-27 16:00:00,16.32
2018-02-28 09:30:00,16.77
2018-02-28 16:00:00,17.32
2018-03-01 09:30:00,17.5
2018-03-01 16:00:00,17.209999
2018-03-02 09:30:00,16.83
2018-03-02 16:00:00,18.01
2018-03-05 09:30:00,17.82
2018-03-05 16:00:00,18.25
2018-03-06 09:30:00,18.290001
2018-03-06 16:00:00,18.01
2018-03-07 09:30:00,17.85
2018-03-07 16:00:00,18.02
2018-03-08 09:30:00,18.08
2018-03-08 16:00:00,17.65
2018-03-09 09:30:00,17.98
2018-03-09 16:00:00,17.879998999999998
2018-03-12 09:30:00,17.83
2018-03-12 16:00:00,18.110001
2018-03-13 09:30:00,18.1
2018-03-13 16:00:00,17.51
2018-03-14 09:30:00,17.52
2018-03-14 16:00:00,17.85
2018-03-15 09:30:00,17.860001
2018-03-15 16:00:00,17.200001
2018-03-16 09:30:00,17.200001
2018-03-16 16:00:00,17.01
2018-03-19 09:30:00,17.01
2018-03-19 16:00:00,16.42
2018-03-20 09:30:00,16.4
2018-03-20 16:00:00,16.0
2018-03-21 09:30:00,16.17
2018-03-21 16:00:00,16.57
2018-03-22 09:30:00,16.32
2018-03-22 16:00:00,16.57
2018-03-23 09:30:00,16.67
2018-03-23 16:00:00,16.360001
2018-03-26 09:30:00,16.450001
2018-03-26 16:00:00,16.25
2018-03-27 09:30:00,16.26
2018-03-27 16:00:00,16.200001
2018-03-28 09:30:00,16.030001000000002
2018-03-28 16:00:00,15.95
2018-03-29 09:30:00,15.94
2018-03-29 16:00:00,15.87
2018-04-02 09:30:00,15.67
2018-04-02 16:00:00,14.46
2018-04-03 09:30:00,15.67
2018-04-03 16:00:00,14.08
2018-04-04 09:30:00,13.69
2018-04-04 16:00:00,14.59
2018-04-05 09:30:00,14.7
2018-04-05 16:00:00,14.39
2018-04-06 09:30:00,14.35
2018-04-06 16:00:00,14.25
2018-04-09 09:30:00,14.28
2018-04-09 16:00:00,14.15
2018-04-10 09:30:00,14.29
2018-04-10 16:00:00,14.48
2018-04-11 09:30:00,14.44
2018-04-11 16:00:00,14.8
2018-04-12 09:30:00,15.24
2018-04-12 16:00:00,14.92
2018-04-13 09:30:00,14.95
2018-04-13 16:00:00,14.88
2018-04-16 09:30:00,14.86
2018-04-16 16:00:00,14.58
2018-04-17 09:30:00,14.63
2018-04-17 16:00:00,14.88
2018-04-18 09:30:00,14.85
2018-04-18 16:00:00,14.65
2018-04-19 09:30:00,14.65
2018-04-19 16:00:00,14.84
2018-04-20 09:30:00,15.0
2018-04-20 16:00:00,15.2
2018-04-23 09:30:00,15.35
2018-04-23 16:00:00,15.54
2018-04-24 09:30:00,15.51
2018-04-24 16:00:00,15.63
2018-04-25 09:30:00,15.62
2018-04-25 16:00:00,14.54
2018-04-26 09:30:00,14.88
2018-04-26 16:00:00,14.7
2018-04-27 09:30:00,14.75
2018-04-27 16:00:00,14.23
2018-04-30 09:30:00,14.36
2018-04-30 16:00:00,14.33
2018-05-01 09:30:00,14.34
2018-05-01 16:00:00,14.13
2018-05-02 09:30:00,11.3
2018-05-02 16:00:00,11.03
2018-05-03 09:30:00,11.115
2018-05-03 16:00:00,10.97
2018-05-04 09:30:00,10.86
2018-05-04 16:00:00,10.79
2018-05-07 09:30:00,10.76
2018-05-07 16:00:00,10.74
2018-05-08 09:30:00,10.95
2018-05-08 16:00:00,10.97
2018-05-09 09:30:00,10.98
2018-05-09 16:00:00,11.01
2018-05-10 09:30:00,11.01
2018-05-10 16:00:00,11.01
2018-05-11 09:30:00,11.0
2018-05-11 16:00:00,11.04
2018-05-14 09:30:00,11.0
2018-05-14 16:00:00,10.98
2018-05-15 09:30:00,10.95
2018-05-15 16:00:00,10.65
2018-05-16 09:30:00,10.6
2018-05-16 16:00:00,10.58
2018-05-17 09:30:00,10.65
2018-05-17 16:00:00,10.57
2018-05-18 09:30:00,10.56
2018-05-18 16:00:00,10.58
2018-05-21 09:30:00,10.75
2018-05-21 16:00:00,10.71
2018-05-22 09:30:00,10.79
2018-05-22 16:00:00,10.74
2018-05-23 09:30:00,10.68
2018-05-23 16:00:00,10.65
2018-05-24 09:30:00,10.63
2018-05-24 16:00:00,10.6
2018-05-25 09:30:00,10.66
2018-05-25 16:00:00,10.71
2018-05-29 09:30:00,10.68
2018-05-29 16:00:00,10.55
2018-05-30 09:30:00,10.57
2018-05-30 16:00:00,10.97
2018-05-31 09:30:00,11.17
2018-05-31 16:00:00,11.39
2018-06-01 09:30:00,11.71
2018-06-01 16:00:00,11.63
2018-06-04 09:30:00,11.81
2018-06-04 16:00:00,12.32
2018-06-05 09:30:00,12.41
2018-06-05 16:00:00,12.93
2018-06-06 09:30:00,13.33
2018-06-06 16:00:00,13.13
2018-06-07 09:30:00,13.03
2018-06-07 16:00:00,12.73
2018-06-08 09:30:00,12.56
2018-06-08 16:00:00,13.08
2018-06-11 09:30:00,13.11
2018-06-11 16:00:00,13.17
2018-06-12 09:30:00,13.21
2018-06-12 16:00:00,13.42
2018-06-13 09:30:00,13.56
2018-06-13 16:00:00,13.62
2018-06-14 09:30:00,13.71
2018-06-14 16:00:00,13.87
2018-06-15 09:30:00,13.72
2018-06-15 16:00:00,14.02
2018-06-18 09:30:00,14.04
2018-06-18 16:00:00,14.05
2018-06-19 09:30:00,13.61
2018-06-19 16:00:00,13.31
2018-06-20 09:30:00,12.85
2018-06-20 16:00:00,12.8
2018-06-21 09:30:00,12.75
2018-06-21 16:00:00,13.24
2018-06-22 09:30:00,13.25
2018-06-22 16:00:00,13.2
2018-06-25 09:30:00,13.01
2018-06-25 16:00:00,13.1
2018-06-26 09:30:00,13.11
2018-06-26 16:00:00,13.0
2018-06-27 09:30:00,13.04
2018-06-27 16:00:00,12.82
2018-06-28 09:30:00,12.8
2018-06-28 16:00:00,13.4
2018-06-29 09:30:00,13.41
2018-06-29 16:00:00,13.09
2018-07-02 09:30:00,13.05
2018-07-02 16:00:00,13.15
2018-07-03 09:30:00,13.15
2018-07-03 16:00:00,13.15
2018-07-05 09:30:00,13.13
2018-07-05 16:00:00,13.21
2018-07-06 09:30:00,13.17
2018-07-06 16:00:00,13.53
2018-07-09 09:30:00,13.66
2018-07-09 16:00:00,13.65
2018-07-10 09:30:00,13.73
2018-07-10 16:00:00,13.31
2018-07-11 09:30:00,13.1
2018-07-11 16:00:00,13.4
2018-07-12 09:30:00,13.43
2018-07-12 16:00:00,13.65
2018-07-13 09:30:00,13.6
2018-07-13 16:00:00,13.36
2018-07-16 09:30:00,13.25
2018-07-16 16:00:00,13.07
2018-07-17 09:30:00,12.95
2018-07-17 16:00:00,13.42
2018-07-18 09:30:00,13.4
2018-07-18 16:00:00,13.35
2018-07-19 09:30:00,13.3
2018-07-19 16:00:00,13.43
2018-07-20 09:30:00,13.45
2018-07-20 16:00:00,13.27
2018-07-23 09:30:00,13.2
2018-07-23 16:00:00,13.39
2018-07-24 09:30:00,13.45
2018-07-24 16:00:00,13.14
2018-07-25 09:30:00,13.32
2018-07-25 16:00:00,13.39
2018-07-26 09:30:00,13.07
2018-07-26 16:00:00,13.37
2018-07-27 09:30:00,13.14
2018-07-27 16:00:00,12.83
2018-07-30 09:30:00,12.74
2018-07-30 16:00:00,12.27
2018-07-31 09:30:00,12.26
2018-07-31 16:00:00,12.5
2018-08-01 09:30:00,12.55
2018-08-01 16:00:00,12.38
2018-08-02 09:30:00,12.31
2018-08-02 16:00:00,12.7
2018-08-03 09:30:00,12.71
2018-08-03 16:00:00,12.73
2018-08-06 09:30:00,12.73
2018-08-06 16:00:00,13.05
2018-08-07 09:30:00,13.01
2018-08-07 16:00:00,13.12
2018-08-08 09:30:00,12.83
2018-08-08 16:00:00,12.23
2018-08-09 09:30:00,12.15
2018-08-09 16:00:00,12.31
2018-08-10 09:30:00,12.14
2018-08-10 16:00:00,12.31
2018-08-13 09:30:00,12.24
2018-08-13 16:00:00,12.57
2018-08-14 09:30:00,12.65
2018-08-14 16:00:00,12.34
2018-08-15 09:30:00,12.27
2018-08-15 16:00:00,12.18
2018-08-16 09:30:00,12.3
2018-08-16 16:00:00,12.17
2018-08-17 09:30:00,12.16
2018-08-17 16:00:00,11.89
2018-08-20 09:30:00,11.8
2018-08-20 16:00:00,11.73
2018-08-21 09:30:00,11.75
2018-08-21 16:00:00,11.44
2018-08-22 09:30:00,11.41
2018-08-22 16:00:00,11.44
2018-08-23 09:30:00,11.5
2018-08-23 16:00:00,11.4
2018-08-24 09:30:00,11.47
2018-08-24 16:00:00,11.63
2018-08-27 09:30:00,11.65
2018-08-27 16:00:00,11.81
2018-08-28 09:30:00,11.76
2018-08-28 16:00:00,11.29
2018-08-29 09:30:00,11.24
2018-08-29 16:00:00,11.17
2018-08-30 09:30:00,11.15
2018-08-30 16:00:00,11.08
2018-08-31 09:30:00,10.98
2018-08-31 16:00:00,10.9
2018-09-04 09:30:00,10.92
2018-09-04 16:00:00,10.59
2018-09-05 09:30:00,10.5
2018-09-05 16:00:00,10.11
2018-09-06 09:30:00,10.11
2018-09-06 16:00:00,9.8
2018-09-07 09:30:00,9.75
2018-09-07 16:00:00,9.93
2018-09-10 09:30:00,9.78
2018-09-10 16:00:00,9.74
2018-09-11 09:30:00,9.85
2018-09-11 16:00:00,9.89
2018-09-12 09:30:00,9.29
2018-09-12 16:00:00,9.2
2018-09-13 09:30:00,9.17
2018-09-13 16:00:00,9.35
2018-09-14 09:30:00,9.45
2018-09-14 16:00:00,9.29
2018-09-17 09:30:00,9.28
2018-09-17 16:00:00,9.18
2018-09-18 09:30:00,9.15
2018-09-18 16:00:00,9.13
2018-09-19 09:30:00,9.08
2018-09-19 16:00:00,9.16
2018-09-20 09:30:00,9.03
2018-09-20 16:00:00,9.21
2018-09-21 09:30:00,9.18
2018-09-21 16:00:00,9.14
2018-09-24 09:30:00,9.05
2018-09-24 16:00:00,8.95
2018-09-25 09:30:00,9.19
2018-09-25 16:00:00,9.05
2018-09-26 09:30:00,9.09
2018-09-26 16:00:00,8.99
2018-09-27 09:30:00,9.02
2018-09-27 16:00:00,8.8
2018-09-28 09:30:00,8.75
2018-09-28 16:00:00,8.48
2018-10-01 09:30:00,8.5
2018-10-01 16:00:00,8.36
2018-10-02 09:30:00,8.32
2018-10-02 16:00:00,8.18
2018-10-03 09:30:00,8.17
2018-10-03 16:00:00,8.23
2018-10-04 09:30:00,7.95
2018-10-04 16:00:00,7.8
2018-10-05 09:30:00,7.99
2018-10-05 16:00:00,7.77
2018-10-08 09:30:00,7.7
2018-10-08 16:00:00,7.48
2018-10-09 09:30:00,7.24
2018-10-09 16:00:00,7.0
2018-10-10 09:30:00,7.0
2018-10-10 16:00:00,6.59
2018-10-11 09:30:00,6.49
2018-10-11 16:00:00,6.81
2018-10-12 09:30:00,7.18
2018-10-12 16:00:00,7.18
2018-10-15 09:30:00,7.19
2018-10-15 16:00:00,7.4
2018-10-16 09:30:00,7.41
2018-10-16 16:00:00,7.25
2018-10-17 09:30:00,7.19
2018-10-17 16:00:00,7.06
2018-10-18 09:30:00,6.96
2018-10-18 16:00:00,6.81
2018-10-19 09:30:00,6.89
2018-10-19 16:00:00,6.81
2018-10-22 09:30:00,6.85
2018-10-22 16:00:00,6.84
2018-10-23 09:30:00,6.84
2018-10-23 16:00:00,6.82
2018-10-24 09:30:00,6.84
2018-10-24 16:00:00,6.59
2018-10-25 09:30:00,6.71
2018-10-25 16:00:00,6.99
2018-10-26 09:30:00,6.13
2018-10-26 16:00:00,6.28
2018-10-29 09:30:00,6.35
2018-10-29 16:00:00,5.99
2018-10-30 09:30:00,5.93
2018-10-30 16:00:00,6.43
2018-10-31 09:30:00,6.57
2018-10-31 16:00:00,6.61
2018-11-01 09:30:00,6.6
2018-11-01 16:00:00,7.2
2018-11-02 09:30:00,7.1
2018-11-02 16:00:00,6.82
2018-11-05 09:30:00,6.9
2018-11-05 16:00:00,6.9
2018-11-06 09:30:00,6.86
2018-11-06 16:00:00,7.09
2018-11-07 09:30:00,7.09
2018-11-07 16:00:00,7.2
2018-11-08 09:30:00,7.15
2018-11-08 16:00:00,7.02
2018-11-09 09:30:00,6.9
2018-11-09 16:00:00,6.79
2018-11-12 09:30:00,6.75
2018-11-12 16:00:00,6.65
2018-11-13 09:30:00,6.73
2018-11-13 16:00:00,6.71
2018-11-14 09:30:00,6.45
2018-11-14 16:00:00,6.48
2018-11-15 09:30:00,6.42
2018-11-15 16:00:00,6.82
2018-11-16 09:30:00,6.77
2018-11-16 16:00:00,6.49
2018-11-19 09:30:00,6.41
2018-11-19 16:00:00,6.05
2018-11-20 09:30:00,5.86
2018-11-20 16:00:00,6.09
2018-11-21 09:30:00,6.21
2018-11-21 16:00:00,6.35
2018-11-23 09:30:00,6.28
2018-11-23 16:00:00,6.2
2018-11-26 09:30:00,6.27
2018-11-26 16:00:00,6.5
2018-11-27 09:30:00,6.47
2018-11-27 16:00:00,6.4
2018-11-28 09:30:00,6.49
2018-11-28 16:00:00,6.51
2018-11-29 09:30:00,6.47
2018-11-29 16:00:00,6.4
2018-11-30 09:30:00,6.4
2018-11-30 16:00:00,6.51
2018-12-03 09:30:00,6.61
2018-12-03 16:00:00,6.36
2018-12-04 09:30:00,6.3
2018-12-04 16:00:00,6.21
2018-12-06 09:30:00,6.07
2018-12-06 16:00:00,5.97
2018-12-07 09:30:00,5.98
2018-12-07 16:00:00,5.8
2018-12-10 09:30:00,5.77
2018-12-10 16:00:00,5.67
2018-12-11 09:30:00,5.76
2018-12-11 16:00:00,5.75
2018-12-12 09:30:00,5.8
2018-12-12 16:00:00,5.91
2018-12-13 09:30:00,5.96
2018-12-13 16:00:00,5.86
2018-12-14 09:30:00,5.78
2018-12-14 16:00:00,5.92
2018-12-17 09:30:00,5.92
2018-12-17 16:00:00,5.58
2018-12-18 09:30:00,5.61
2018-12-18 16:00:00,5.65
2018-12-19 09:30:00,5.65
2018-12-19 16:00:00,5.41
2018-12-20 09:30:00,5.35
2018-12-20 16:00:00,5.07
2018-12-21 09:30:00,5.12
2018-12-21 16:00:00,4.99
2018-12-24 09:30:00,4.96
2018-12-24 16:00:00,5.18
2018-12-26 09:30:00,5.12
2018-12-26 16:00:00,5.42
2018-12-27 09:30:00,5.3
2018-12-27 16:00:00,5.35
2018-12-28 09:30:00,5.35
2018-12-28 16:00:00,5.71
2018-12-31 09:30:00,5.76
2018-12-31 16:00:00,5.51
2019-01-02 09:30:00,5.38
2019-01-02 16:00:00,5.79
2019-01-03 09:30:00,5.67
2019-01-03 16:00:00,5.68
2019-01-04 09:30:00,5.67
2019-01-04 16:00:00,5.95
2019-01-07 09:30:00,6.0
2019-01-07 16:00:00,6.21
2019-01-08 09:30:00,6.3
2019-01-08 16:00:00,6.4
2019-01-09 09:30:00,6.2
2019-01-09 16:00:00,6.28
2019-01-10 09:30:00,6.37
2019-01-10 16:00:00,6.22
2019-01-11 09:30:00,6.21
2019-01-11 16:00:00,6.28
2019-01-14 09:30:00,6.46
2019-01-14 16:00:00,6.31
2019-01-15 09:30:00,6.47
2019-01-15 16:00:00,6.54
2019-01-16 09:30:00,5.73
2019-01-16 16:00:00,5.64
2019-01-17 09:30:00,5.72
2019-01-17 16:00:00,5.74
2019-01-18 09:30:00,5.83
2019-01-18 16:00:00,6.18
2019-01-22 09:30:00,6.07
2019-01-22 16:00:00,5.93
2019-01-23 09:30:00,6.01
2019-01-23 16:00:00,5.99
2019-01-24 09:30:00,5.94
2019-01-24 16:00:00,6.17
2019-01-25 09:30:00,6.24
2019-01-25 16:00:00,6.4
2019-01-28 09:30:00,6.27
2019-01-28 16:00:00,6.34
2019-01-29 09:30:00,6.42
2019-01-29 16:00:00,6.43
2019-01-30 09:30:00,6.47
2019-01-30 16:00:00,6.57
2019-01-31 09:30:00,6.68
2019-01-31 16:00:00,6.68
2019-02-01 09:30:00,6.78
2019-02-01 16:00:00,6.91
2019-02-04 09:30:00,6.925
2019-02-04 16:00:00,6.93
2019-02-05 09:30:00,7.02
2019-02-05 16:00:00,7.04
2019-02-06 09:30:00,8.61
2019-02-06 16:00:00,8.59
2019-02-07 09:30:00,8.36
2019-02-07 16:00:00,8.57
2019-02-08 09:30:00,8.37
2019-02-08 16:00:00,9.1
2019-02-11 09:30:00,9.03
2019-02-11 16:00:00,8.99
2019-02-12 09:30:00,9.02
2019-02-12 16:00:00,8.8
2019-02-13 09:30:00,8.75
2019-02-13 16:00:00,9.07
2019-02-14 09:30:00,9.05
2019-02-14 16:00:00,9.19
2019-02-15 09:30:00,9.2
2019-02-15 16:00:00,9.12
2019-02-19 09:30:00,9.05
2019-02-19 16:00:00,9.28
2019-02-20 09:30:00,9.25
2019-02-20 16:00:00,9.24
2019-02-21 09:30:00,9.14
2019-02-21 16:00:00,9.39
2019-02-22 09:30:00,9.39
2019-02-22 16:00:00,9.71
2019-02-25 09:30:00,9.9
2019-02-25 16:00:00,10.12
2019-02-26 09:30:00,10.12
2019-02-26 16:00:00,10.08
2019-02-27 09:30:00,10.08
2019-02-27 16:00:00,9.81
2019-02-28 09:30:00,9.85
2019-02-28 16:00:00,9.8
2019-03-01 09:30:00,9.86
2019-03-01 16:00:00,9.8
2019-03-04 09:30:00,9.9
2019-03-04 16:00:00,9.92
2019-03-05 09:30:00,9.91
2019-03-05 16:00:00,10.08
2019-03-06 09:30:00,10.0
2019-03-06 16:00:00,9.87
2019-03-07 09:30:00,9.85
2019-03-07 16:00:00,9.49
2019-03-08 09:30:00,9.215
2019-03-08 16:00:00,9.48
2019-03-11 09:30:00,9.6
2019-03-11 16:00:00,9.96
2019-03-12 09:30:00,10.04
2019-03-12 16:00:00,9.88
2019-03-13 09:30:00,9.88
2019-03-13 16:00:00,10.05
2019-03-14 09:30:00,10.6
2019-03-14 16:00:00,11.28
2019-03-15 09:30:00,11.56
2019-03-15 16:00:00,11.16
2019-03-18 09:30:00,11.04
2019-03-18 16:00:00,10.94
2019-03-19 09:30:00,10.89
2019-03-19 16:00:00,10.63
2019-03-20 09:30:00,10.52
2019-03-20 16:00:00,10.94
2019-03-21 09:30:00,10.86
2019-03-21 16:00:00,11.01
2019-03-22 09:30:00,11.0
2019-03-22 16:00:00,10.73
2019-03-25 09:30:00,10.68
2019-03-25 16:00:00,10.72
2019-03-26 09:30:00,10.83
2019-03-26 16:00:00,10.76
2019-03-27 09:30:00,10.75
2019-03-27 16:00:00,10.64
2019-03-28 09:30:00,10.61
2019-03-28 16:00:00,10.79
2019-03-29 09:30:00,10.86
2019-03-29 16:00:00,11.02
2019-04-01 09:30:00,11.14
2019-04-01 16:00:00,11.36
2019-04-02 09:30:00,11.01
2019-04-02 16:00:00,11.22
2019-04-03 09:30:00,11.29
2019-04-03 16:00:00,11.16
2019-04-04 09:30:00,11.23
2019-04-04 16:00:00,11.28
2019-04-05 09:30:00,11.64
2019-04-05 16:00:00,11.84
2019-04-08 09:30:00,12.31
2019-04-08 16:00:00,12.27
2019-04-09 09:30:00,12.16
2019-04-09 16:00:00,12.35
2019-04-10 09:30:00,11.84
2019-04-10 16:00:00,12.02
2019-04-11 09:30:00,12.1
2019-04-11 16:00:00,11.9
2019-04-12 09:30:00,11.98
2019-04-12 16:00:00,11.97
2019-04-15 09:30:00,11.9
2019-04-15 16:00:00,11.85
2019-04-16 09:30:00,11.8
2019-04-16 16:00:00,11.69
2019-04-17 09:30:00,11.76
2019-04-17 16:00:00,11.75
2019-04-18 09:30:00,11.18
2019-04-18 16:00:00,11.67
2019-04-22 09:30:00,11.55
2019-04-22 16:00:00,11.53
2019-04-23 09:30:00,11.94
2019-04-23 16:00:00,11.99
2019-04-24 09:30:00,12.35
2019-04-24 16:00:00,11.26
2019-04-25 09:30:00,11.13
2019-04-25 16:00:00,10.79
2019-04-26 09:30:00,10.73
2019-04-26 16:00:00,10.91
2019-04-29 09:30:00,11.1
2019-04-29 16:00:00,11.22
2019-04-30 09:30:00,11.16
2019-04-30 16:00:00,11.14
2019-05-01 09:30:00,11.2
2019-05-01 16:00:00,11.2
2019-05-02 09:30:00,11.23
2019-05-02 16:00:00,11.24
2019-05-03 09:30:00,11.25
2019-05-03 16:00:00,11.8
2019-05-06 09:30:00,11.39
2019-05-06 16:00:00,11.77
2019-05-07 09:30:00,11.66
2019-05-07 16:00:00,11.17
2019-05-08 09:30:00,11.24
2019-05-08 16:00:00,10.82
2019-05-09 09:30:00,10.71
2019-05-09 16:00:00,10.98
2019-05-10 09:30:00,10.92
2019-05-10 16:00:00,10.49
2019-05-13 09:30:00,10.05
2019-05-13 16:00:00,10.11
2019-05-14 09:30:00,10.23
2019-05-14 16:00:00,10.49
2019-05-15 09:30:00,10.45
2019-05-15 16:00:00,10.66
2019-05-16 09:30:00,10.72
2019-05-16 16:00:00,11.42
2019-05-17 09:30:00,11.24
2019-05-17 16:00:00,11.49
2019-05-20 09:30:00,11.27
2019-05-20 16:00:00,11.19
2019-05-21 09:30:00,11.3
2019-05-21 16:00:00,11.54
2019-05-22 09:30:00,11.42
2019-05-22 16:00:00,11.31
2019-05-23 09:30:00,11.05
2019-05-23 16:00:00,11.12
2019-05-24 09:30:00,11.45
2019-05-24 16:00:00,11.56
2019-05-28 09:30:00,11.58
2019-05-28 16:00:00,11.57
2019-05-29 09:30:00,11.31
2019-05-29 16:00:00,11.68
2019-05-30 09:30:00,11.72
2019-05-30 16:00:00,11.99
2019-05-31 09:30:00,11.99
2019-05-31 16:00:00,11.89
2019-06-03 09:30:00,11.88
2019-06-03 16:00:00,11.69
2019-06-04 09:30:00,11.85
2019-06-04 16:00:00,12.95
2019-06-05 09:30:00,12.99
2019-06-05 16:00:00,12.94
2019-06-06 09:30:00,13.0
2019-06-06 16:00:00,13.82
2019-06-07 09:30:00,13.91
2019-06-07 16:00:00,13.87
2019-06-10 09:30:00,13.95
2019-06-10 16:00:00,13.77
2019-06-11 09:30:00,13.93
2019-06-11 16:00:00,13.54
2019-06-12 09:30:00,13.71
2019-06-12 16:00:00,13.75
2019-06-13 09:30:00,13.85
2019-06-13 16:00:00,14.11
2019-06-14 09:30:00,14.15
2019-06-14 16:00:00,13.96
2019-06-17 09:30:00,14.17
2019-06-17 16:00:00,13.55
2019-06-18 09:30:00,14.14
2019-06-18 16:00:00,14.86
2019-06-19 09:30:00,14.85
2019-06-19 16:00:00,14.67
2019-06-20 09:30:00,14.83
2019-06-20 16:00:00,14.84
2019-06-21 09:30:00,14.79
2019-06-21 16:00:00,14.56
2019-06-24 09:30:00,14.68
2019-06-24 16:00:00,14.76
2019-06-25 09:30:00,14.69
2019-06-25 16:00:00,14.53
2019-06-26 09:30:00,14.75
2019-06-26 16:00:00,14.71
2019-06-27 09:30:00,14.76
2019-06-27 16:00:00,14.58
2019-06-28 09:30:00,14.76
2019-06-28 16:00:00,14.3
2019-07-01 09:30:00,14.73
2019-07-01 16:00:00,14.35
2019-07-02 09:30:00,14.46
2019-07-02 16:00:00,14.1
2019-07-03 09:30:00,14.1
2019-07-03 16:00:00,14.76
2019-07-05 09:30:00,14.66
2019-07-05 16:00:00,15.23
2019-07-08 09:30:00,15.12
2019-07-08 16:00:00,15.14
2019-07-09 09:30:00,15.3
2019-07-09 16:00:00,15.25
2019-07-10 09:30:00,15.26
2019-07-10 16:00:00,15.26
2019-07-11 09:30:00,15.61
2019-07-11 16:00:00,15.57
2019-07-12 09:30:00,16.16
2019-07-12 16:00:00,15.61
2019-07-15 09:30:00,15.59
2019-07-15 16:00:00,15.5
2019-07-16 09:30:00,15.5
2019-07-16 16:00:00,15.0
2019-07-17 09:30:00,14.9
2019-07-17 16:00:00,14.93
2019-07-18 09:30:00,14.72
2019-07-18 16:00:00,14.55
2019-07-19 09:30:00,14.62
2019-07-19 16:00:00,14.02
2019-07-22 09:30:00,14.02
2019-07-22 16:00:00,14.15
2019-07-23 09:30:00,14.66
2019-07-23 16:00:00,14.83
2019-07-24 09:30:00,16.219998999999998
2019-07-24 16:00:00,17.610001
2019-07-25 09:30:00,17.23
2019-07-25 16:00:00,17.690001000000002
2019-07-26 09:30:00,17.700001
2019-07-26 16:00:00,17.889999
2019-07-29 09:30:00,18.01
2019-07-29 16:00:00,17.5
2019-07-30 09:30:00,17.23
2019-07-30 16:00:00,16.93
2019-07-31 09:30:00,16.98
2019-07-31 16:00:00,16.799999
2019-08-01 09:30:00,16.83
2019-08-01 16:00:00,16.68
2019-08-02 09:30:00,16.540001
2019-08-02 16:00:00,17.030001000000002
2019-08-05 09:30:00,16.57
2019-08-05 16:00:00,16.459999
2019-08-06 09:30:00,16.200001
2019-08-06 16:00:00,16.290001
2019-08-07 09:30:00,15.61
2019-08-07 16:00:00,15.91
2019-08-08 09:30:00,16.1
2019-08-08 16:00:00,16.76
2019-08-09 09:30:00,16.879998999999998
2019-08-09 16:00:00,16.98
2019-08-12 09:30:00,16.85
2019-08-12 16:00:00,16.809998999999998
2019-08-13 09:30:00,16.799999
2019-08-13 16:00:00,17.0
2019-08-14 09:30:00,16.620001000000002
2019-08-14 16:00:00,16.360001
2019-08-15 09:30:00,16.459999
2019-08-15 16:00:00,15.99
2019-08-16 09:30:00,16.129998999999998
2019-08-16 16:00:00,15.98
2019-08-19 09:30:00,16.07
2019-08-19 16:00:00,16.16
2019-08-20 09:30:00,15.99
2019-08-20 16:00:00,16.08
2019-08-21 09:30:00,16.299999
2019-08-21 16:00:00,16.139999
2019-08-22 09:30:00,16.25
2019-08-22 16:00:00,16.08
2019-08-23 09:30:00,15.95
2019-08-23 16:00:00,15.55
2019-08-26 09:30:00,15.64
2019-08-26 16:00:00,16.110001
2019-08-27 09:30:00,16.209999
2019-08-27 16:00:00,15.51
2019-08-28 09:30:00,15.3
2019-08-28 16:00:00,15.55
2019-08-29 09:30:00,15.81
2019-08-29 16:00:00,15.78
2019-08-30 09:30:00,15.93
2019-08-30 16:00:00,15.83
2019-09-03 09:30:00,16.09
2019-09-03 16:00:00,15.93
2019-09-04 09:30:00,16.030001000000002
2019-09-04 16:00:00,15.8
2019-09-05 09:30:00,15.93
2019-09-05 16:00:00,15.87
2019-09-06 09:30:00,15.97
2019-09-06 16:00:00,16.620001000000002
2019-09-09 09:30:00,16.35
2019-09-09 16:00:00,15.31
2019-09-10 09:30:00,15.13
2019-09-10 16:00:00,15.02
2019-09-11 09:30:00,15.28
2019-09-11 16:00:00,15.31
2019-09-12 09:30:00,15.25
2019-09-12 16:00:00,15.77
2019-09-13 09:30:00,15.82
2019-09-13 16:00:00,16.0
2019-09-16 09:30:00,15.84
2019-09-16 16:00:00,15.76
2019-09-17 09:30:00,16.01
2019-09-17 16:00:00,16.83
2019-09-18 09:30:00,16.629998999999998
2019-09-18 16:00:00,16.9
2019-09-19 09:30:00,16.870001000000002
2019-09-19 16:00:00,16.879998999999998
2019-09-20 09:30:00,16.879998999999998
2019-09-20 16:00:00,17.040001
2019-09-23 09:30:00,17.049999
2019-09-23 16:00:00,17.120001000000002
2019-09-24 09:30:00,17.700001
2019-09-24 16:00:00,17.040001
2019-09-25 09:30:00,17.209999
2019-09-25 16:00:00,17.110001
2019-09-26 09:30:00,17.030001000000002
2019-09-26 16:00:00,17.0
2019-09-27 09:30:00,16.98
2019-09-27 16:00:00,16.02
2019-09-30 09:30:00,16.0
2019-09-30 16:00:00,15.8
2019-10-01 09:30:00,16.040001
2019-10-01 16:00:00,15.52
2019-10-02 09:30:00,15.28
2019-10-02 16:00:00,14.8
2019-10-03 09:30:00,14.58
2019-10-03 16:00:00,14.3
2019-10-04 09:30:00,14.9
2019-10-04 16:00:00,14.52
2019-10-07 09:30:00,14.47
2019-10-07 16:00:00,14.47
2019-10-08 09:30:00,14.3
2019-10-08 16:00:00,14.15
2019-10-09 09:30:00,14.3
2019-10-09 16:00:00,14.21
2019-10-10 09:30:00,14.19
2019-10-10 16:00:00,14.08
2019-10-11 09:30:00,14.24
2019-10-11 16:00:00,14.16
2019-10-14 09:30:00,14.19
2019-10-14 16:00:00,13.76
2019-10-15 09:30:00,13.87
2019-10-15 16:00:00,14.09
2019-10-16 09:30:00,14.02
2019-10-16 16:00:00,13.67
2019-10-17 09:30:00,13.73
2019-10-17 16:00:00,13.78
2019-10-18 09:30:00,14.15
2019-10-18 16:00:00,13.52
2019-10-21 09:30:00,13.76
2019-10-21 16:00:00,14.58
2019-10-22 09:30:00,15.0
2019-10-22 16:00:00,14.0
2019-10-23 09:30:00,13.91
2019-10-23 16:00:00,13.18
2019-10-24 09:30:00,13.18
2019-10-24 16:00:00,13.52
2019-10-25 09:30:00,13.41
2019-10-25 16:00:00,13.96
2019-10-28 09:30:00,14.04
2019-10-28 16:00:00,14.68
2019-10-29 09:30:00,14.5
2019-10-29 16:00:00,14.64
2019-10-30 09:30:00,14.71
2019-10-30 16:00:00,14.86
2019-10-31 09:30:00,14.82
2019-10-31 16:00:00,15.06
2019-11-01 09:30:00,15.09
2019-11-01 16:00:00,15.18
2019-11-04 09:30:00,15.31
2019-11-04 16:00:00,15.35
2019-11-05 09:30:00,15.32
2019-11-05 16:00:00,14.83
2019-11-06 09:30:00,14.87
2019-11-06 16:00:00,14.41
2019-11-07 09:30:00,14.41
2019-11-07 16:00:00,14.16
2019-11-08 09:30:00,14.18
2019-11-08 16:00:00,14.19
2019-11-11 09:30:00,14.13
2019-11-11 16:00:00,14.39
2019-11-12 09:30:00,14.38
2019-11-12 16:00:00,14.38
2019-11-13 09:30:00,14.38
2019-11-13 16:00:00,14.47
2019-11-14 09:30:00,14.42
2019-11-14 16:00:00,14.37
2019-11-15 09:30:00,14.48
2019-11-15 16:00:00,13.94
2019-11-18 09:30:00,14.08
2019-11-18 16:00:00,14.69
2019-11-19 09:30:00,14.58
2019-11-19 16:00:00,15.16
2019-11-20 09:30:00,15.07
2019-11-20 16:00:00,15.31
2019-11-21 09:30:00,15.33
2019-11-21 16:00:00,15.08
2019-11-22 09:30:00,15.18
2019-11-22 16:00:00,15.26
2019-11-25 09:30:00,15.59
2019-11-25 16:00:00,15.5
2019-11-26 09:30:00,15.46
2019-11-26 16:00:00,15.46
2019-11-27 09:30:00,15.53
2019-11-27 16:00:00,15.35
2019-11-29 09:30:00,15.23
2019-11-29 16:00:00,15.25
2019-12-02 09:30:00,15.25
2019-12-02 16:00:00,14.6
2019-12-03 09:30:00,14.22
2019-12-03 16:00:00,14.92
2019-12-04 09:30:00,14.99
2019-12-04 16:00:00,15.0
2019-12-05 09:30:00,15.05
2019-12-05 16:00:00,14.68
2019-12-06 09:30:00,14.86
2019-12-06 16:00:00,14.74
2019-12-09 09:30:00,14.64
2019-12-09 16:00:00,14.23
2019-12-10 09:30:00,14.23
2019-12-10 16:00:00,14.09
2019-12-11 09:30:00,14.01
2019-12-11 16:00:00,14.23
2019-12-12 09:30:00,14.16
2019-12-12 16:00:00,14.45
2019-12-13 09:30:00,14.75
2019-12-13 16:00:00,15.09
2019-12-16 09:30:00,15.21
2019-12-16 16:00:00,15.11
2019-12-17 09:30:00,15.1
2019-12-17 16:00:00,15.1
2019-12-18 09:30:00,15.07
2019-12-18 16:00:00,15.11
2019-12-19 09:30:00,15.05
2019-12-19 16:00:00,15.46
2019-12-20 09:30:00,15.54
2019-12-20 16:00:00,15.55
2019-12-23 09:30:00,15.55
2019-12-23 16:00:00,15.49
2019-12-24 09:30:00,15.53
2019-12-24 16:00:00,15.61
2019-12-26 09:30:00,15.6
2019-12-26 16:00:00,15.97
2019-12-27 09:30:00,16.08
2019-12-27 16:00:00,16.030001000000002
2019-12-30 09:30:00,16.049999
2019-12-30 16:00:00,15.89
2019-12-31 09:30:00,15.78
2019-12-31 16:00:00,16.33
2020-01-02 09:30:00,16.620001000000002
2020-01-02 16:00:00,16.780001000000002
2020-01-03 09:30:00,16.43
2020-01-03 16:00:00,16.75
2020-01-06 09:30:00,16.65
2020-01-06 16:00:00,16.780001000000002
2020-01-07 09:30:00,16.870001000000002
2020-01-07 16:00:00,17.030001000000002
2020-01-08 09:30:00,16.98
2020-01-08 16:00:00,16.67
2020-01-09 09:30:00,17.290001
2020-01-09 16:00:00,17.360001
2020-01-10 09:30:00,17.66
2020-01-10 16:00:00,17.41
2020-01-13 09:30:00,17.48
2020-01-13 16:00:00,18.0
2020-01-14 09:30:00,17.99
2020-01-14 16:00:00,17.99
2020-01-15 09:30:00,18.0
2020-01-15 16:00:00,18.190001000000002
2020-01-16 09:30:00,18.02
2020-01-16 16:00:00,18.25
2020-01-17 09:30:00,19.1
2020-01-17 16:00:00,19.110001
2020-01-21 09:30:00,19.02
2020-01-21 16:00:00,19.0
2020-01-22 09:30:00,19.23
2020-01-22 16:00:00,19.1
2020-01-23 09:30:00,19.18
2020-01-23 16:00:00,19.25
2020-01-24 09:30:00,19.709999
2020-01-24 16:00:00,19.049999
2020-01-27 09:30:00,18.469998999999998
2020-01-27 16:00:00,18.620001000000002
2020-01-28 09:30:00,18.799999
2020-01-28 16:00:00,18.99
2020-01-29 09:30:00,19.15
2020-01-29 16:00:00,19.139999
2020-01-30 09:30:00,18.809998999999998
2020-01-30 16:00:00,18.879998999999998
2020-01-31 09:30:00,18.73
2020-01-31 16:00:00,18.379998999999998
2020-02-03 09:30:00,18.65
2020-02-03 16:00:00,18.23
2020-02-04 09:30:00,18.48
2020-02-04 16:00:00,18.98
2020-02-05 09:30:00,18.02
2020-02-05 16:00:00,16.190001000000002
2020-02-06 09:30:00,16.360001
2020-02-06 16:00:00,17.0
2020-02-07 09:30:00,16.959999
2020-02-07 16:00:00,17.129998999999998
2020-02-10 09:30:00,17.049999
2020-02-10 16:00:00,17.6
2020-02-11 09:30:00,17.65
2020-02-11 16:00:00,17.610001
2020-02-12 09:30:00,17.66
2020-02-12 16:00:00,17.4
2020-02-13 09:30:00,17.219998999999998
2020-02-13 16:00:00,17.59
2020-02-14 09:30:00,17.540001
2020-02-14 16:00:00,17.559998999999998
2020-02-18 09:30:00,17.440001000000002
2020-02-18 16:00:00,17.17
2020-02-19 09:30:00,17.23
2020-02-19 16:00:00,17.200001
2020-02-20 09:30:00,17.09
2020-02-20 16:00:00,16.92
2020-02-21 09:30:00,16.83
2020-02-21 16:00:00,16.700001
2020-02-24 09:30:00,15.69
2020-02-24 16:00:00,16.15
2020-02-25 09:30:00,16.309998999999998
2020-02-25 16:00:00,15.89
2020-02-26 09:30:00,15.93
2020-02-26 16:00:00,15.67
2020-02-27 09:30:00,15.18
2020-02-27 16:00:00,14.66
2020-02-28 09:30:00,13.86
2020-02-28 16:00:00,14.17
2020-03-02 09:30:00,14.35
2020-03-02 16:00:00,14.39
2020-03-03 09:30:00,14.5
2020-03-03 16:00:00,13.55
2020-03-04 09:30:00,13.82
2020-03-04 16:00:00,13.63
2020-03-05 09:30:00,13.68
2020-03-05 16:00:00,13.85
2020-03-06 09:30:00,13.46
2020-03-06 16:00:00,13.0
2020-03-09 09:30:00,11.25
2020-03-09 16:00:00,11.45
2020-03-10 09:30:00,11.91
2020-03-10 16:00:00,11.99
2020-03-11 09:30:00,11.57
2020-03-11 16:00:00,10.81
2020-03-12 09:30:00,10.07
2020-03-12 16:00:00,10.42
2020-03-13 09:30:00,11.09
2020-03-13 16:00:00,11.35
2020-03-16 09:30:00,9.61
2020-03-16 16:00:00,9.06
2020-03-17 09:30:00,9.19
2020-03-17 16:00:00,8.91
2020-03-18 09:30:00,8.03
2020-03-18 16:00:00,8.37
2020-03-19 09:30:00,8.3
2020-03-19 16:00:00,9.47
2020-03-20 09:30:00,9.98
2020-03-20 16:00:00,10.09
2020-03-23 09:30:00,10.12
2020-03-23 16:00:00,10.65
2020-03-24 09:30:00,11.32
2020-03-24 16:00:00,11.0
2020-03-25 09:30:00,11.15
2020-03-25 16:00:00,11.23
2020-03-26 09:30:00,11.31
2020-03-26 16:00:00,11.95
2020-03-27 09:30:00,11.59
2020-03-27 16:00:00,12.18
2020-03-30 09:30:00,12.05
2020-03-30 16:00:00,11.85
2020-03-31 09:30:00,11.65
2020-03-31 16:00:00,11.89
2020-04-01 09:30:00,11.32
2020-04-01 16:00:00,11.21
2020-04-02 09:30:00,11.18
2020-04-02 16:00:00,11.27
2020-04-03 09:30:00,11.3
2020-04-03 16:00:00,11.06
2020-04-06 09:30:00,11.47
2020-04-06 16:00:00,12.16
2020-04-07 09:30:00,12.6
2020-04-07 16:00:00,12.1
2020-04-08 09:30:00,12.57
2020-04-08 16:00:00,13.22
2020-04-09 09:30:00,13.52
2020-04-09 16:00:00,13.61
2020-04-13 09:30:00,13.69
2020-04-13 16:00:00,13.54
2020-04-14 09:30:00,13.7
2020-04-14 16:00:00,13.78
2020-04-15 09:30:00,13.46
2020-04-15 16:00:00,13.58
2020-04-16 09:30:00,13.63
2020-04-16 16:00:00,13.02
2020-04-17 09:30:00,13.2
2020-04-17 16:00:00,12.98
2020-04-20 09:30:00,12.77
2020-04-20 16:00:00,12.92
2020-04-21 09:30:00,12.71
2020-04-21 16:00:00,12.44
2020-04-22 09:30:00,15.18
2020-04-22 16:00:00,17.01
2020-04-23 09:30:00,16.51
2020-04-23 16:00:00,16.059998999999998
2020-04-24 09:30:00,15.94
2020-04-24 16:00:00,16.0
2020-04-27 09:30:00,16.25
2020-04-27 16:00:00,16.91
2020-04-28 09:30:00,17.030001000000002
2020-04-28 16:00:00,16.41
2020-04-29 09:30:00,16.799999
2020-04-29 16:00:00,17.83
2020-04-30 09:30:00,17.5
2020-04-30 16:00:00,17.610001
2020-05-01 09:30:00,17.0
2020-05-01 16:00:00,16.790001
2020-05-04 09:30:00,16.6
2020-05-04 16:00:00,17.1
2020-05-05 09:30:00,17.17
2020-05-05 16:00:00,17.51
2020-05-06 09:30:00,17.02
2020-05-06 16:00:00,17.33
2020-05-07 09:30:00,17.6
2020-05-07 16:00:00,18.15
2020-05-08 09:30:00,18.18
2020-05-08 16:00:00,18.23
2020-05-11 09:30:00,18.1
2020-05-11 16:00:00,18.09
2020-05-12 09:30:00,18.200001
2020-05-12 16:00:00,17.379998999999998
2020-05-13 09:30:00,17.4
2020-05-13 16:00:00,16.77
2020-05-14 09:30:00,16.65
2020-05-14 16:00:00,16.93
2020-05-15 09:30:00,16.799999
2020-05-15 16:00:00,17.1
2020-05-18 09:30:00,17.5
2020-05-18 16:00:00,17.49
2020-05-19 09:30:00,17.280001000000002
2020-05-19 16:00:00,17.48
